[
{
  "model": "contenttypes.contenttype",
  "fields": {
    "app_label": "admin",
    "model": "logentry"
  }
},
{
  "model": "contenttypes.contenttype",
  "fields": {
    "app_label": "auth",
    "model": "group"
  }
},
{
  "model": "contenttypes.contenttype",
  "fields": {
    "app_label": "auth",
    "model": "permission"
  }
},
{
  "model": "contenttypes.contenttype",
  "fields": {
    "app_label": "auth",
    "model": "user"
  }
},
{
  "model": "contenttypes.contenttype",
  "fields": {
    "app_label": "contenttypes",
    "model": "contenttype"
  }
},
{
  "model": "contenttypes.contenttype",
  "fields": {
    "app_label": "sessions",
    "model": "session"
  }
},
{
  "model": "contenttypes.contenttype",
  "fields": {
    "app_label": "chat",
    "model": "conversation"
  }
},
{
  "model": "contenttypes.contenttype",
  "fields": {
    "app_label": "chat",
    "model": "message"
  }
},
{
  "model": "contenttypes.contenttype",
  "fields": {
    "app_label": "chat",
    "model": "friendrequest"
  }
},
{
  "model": "contenttypes.contenttype",
  "fields": {
    "app_label": "chat",
    "model": "block"
  }
},
{
  "model": "contenttypes.contenttype",
  "fields": {
    "app_label": "chat",
    "model": "presence"
  }
},
{
  "model": "contenttypes.contenttype",
  "fields": {
    "app_label": "authtoken",
    "model": "token"
  }
},
{
  "model": "contenttypes.contenttype",
  "fields": {
    "app_label": "authtoken",
    "model": "tokenproxy"
  }
},
{
  "model": "contenttypes.contenttype",
  "fields": {
    "app_label": "accounts",
    "model": "accountprofile"
  }
},
{
  "model": "auth.permission",
  "fields": {
    "name": "Can add log entry",
    "content_type": [
      "admin",
      "logentry"
    ],
    "codename": "add_logentry"
  }
},
{
  "model": "auth.permission",
  "fields": {
    "name": "Can change log entry",
    "content_type": [
      "admin",
      "logentry"
    ],
    "codename": "change_logentry"
  }
},
{
  "model": "auth.permission",
  "fields": {
    "name": "Can delete log entry",
    "content_type": [
      "admin",
      "logentry"
    ],
    "codename": "delete_logentry"
  }
},
{
  "model": "auth.permission",
  "fields": {
    "name": "Can view log entry",
    "content_type": [
      "admin",
      "logentry"
    ],
    "codename": "view_logentry"
  }
},
{
  "model": "auth.permission",
  "fields": {
    "name": "Can add permission",
    "content_type": [
      "auth",
      "permission"
    ],
    "codename": "add_permission"
  }
},
{
  "model": "auth.permission",
  "fields": {
    "name": "Can change permission",
    "content_type": [
      "auth",
      "permission"
    ],
    "codename": "change_permission"
  }
},
{
  "model": "auth.permission",
  "fields": {
    "name": "Can delete permission",
    "content_type": [
      "auth",
      "permission"
    ],
    "codename": "delete_permission"
  }
},
{
  "model": "auth.permission",
  "fields": {
    "name": "Can view permission",
    "content_type": [
      "auth",
      "permission"
    ],
    "codename": "view_permission"
  }
},
{
  "model": "auth.permission",
  "fields": {
    "name": "Can add group",
    "content_type": [
      "auth",
      "group"
    ],
    "codename": "add_group"
  }
},
{
  "model": "auth.permission",
  "fields": {
    "name": "Can change group",
    "content_type": [
      "auth",
      "group"
    ],
    "codename": "change_group"
  }
},
{
  "model": "auth.permission",
  "fields": {
    "name": "Can delete group",
    "content_type": [
      "auth",
      "group"
    ],
    "codename": "delete_group"
  }
},
{
  "model": "auth.permission",
  "fields": {
    "name": "Can view group",
    "content_type": [
      "auth",
      "group"
    ],
    "codename": "view_group"
  }
},
{
  "model": "auth.permission",
  "fields": {
    "name": "Can add user",
    "content_type": [
      "auth",
      "user"
    ],
    "codename": "add_user"
  }
},
{
  "model": "auth.permission",
  "fields": {
    "name": "Can change user",
    "content_type": [
      "auth",
      "user"
    ],
    "codename": "change_user"
  }
},
{
  "model": "auth.permission",
  "fields": {
    "name": "Can delete user",
    "content_type": [
      "auth",
      "user"
    ],
    "codename": "delete_user"
  }
},
{
  "model": "auth.permission",
  "fields": {
    "name": "Can view user",
    "content_type": [
      "auth",
      "user"
    ],
    "codename": "view_user"
  }
},
{
  "model": "auth.permission",
  "fields": {
    "name": "Can add content type",
    "content_type": [
      "contenttypes",
      "contenttype"
    ],
    "codename": "add_contenttype"
  }
},
{
  "model": "auth.permission",
  "fields": {
    "name": "Can change content type",
    "content_type": [
      "contenttypes",
      "contenttype"
    ],
    "codename": "change_contenttype"
  }
},
{
  "model": "auth.permission",
  "fields": {
    "name": "Can delete content type",
    "content_type": [
      "contenttypes",
      "contenttype"
    ],
    "codename": "delete_contenttype"
  }
},
{
  "model": "auth.permission",
  "fields": {
    "name": "Can view content type",
    "content_type": [
      "contenttypes",
      "contenttype"
    ],
    "codename": "view_contenttype"
  }
},
{
  "model": "auth.permission",
  "fields": {
    "name": "Can add session",
    "content_type": [
      "sessions",
      "session"
    ],
    "codename": "add_session"
  }
},
{
  "model": "auth.permission",
  "fields": {
    "name": "Can change session",
    "content_type": [
      "sessions",
      "session"
    ],
    "codename": "change_session"
  }
},
{
  "model": "auth.permission",
  "fields": {
    "name": "Can delete session",
    "content_type": [
      "sessions",
      "session"
    ],
    "codename": "delete_session"
  }
},
{
  "model": "auth.permission",
  "fields": {
    "name": "Can view session",
    "content_type": [
      "sessions",
      "session"
    ],
    "codename": "view_session"
  }
},
{
  "model": "auth.permission",
  "fields": {
    "name": "Can add conversation",
    "content_type": [
      "chat",
      "conversation"
    ],
    "codename": "add_conversation"
  }
},
{
  "model": "auth.permission",
  "fields": {
    "name": "Can change conversation",
    "content_type": [
      "chat",
      "conversation"
    ],
    "codename": "change_conversation"
  }
},
{
  "model": "auth.permission",
  "fields": {
    "name": "Can delete conversation",
    "content_type": [
      "chat",
      "conversation"
    ],
    "codename": "delete_conversation"
  }
},
{
  "model": "auth.permission",
  "fields": {
    "name": "Can view conversation",
    "content_type": [
      "chat",
      "conversation"
    ],
    "codename": "view_conversation"
  }
},
{
  "model": "auth.permission",
  "fields": {
    "name": "Can add message",
    "content_type": [
      "chat",
      "message"
    ],
    "codename": "add_message"
  }
},
{
  "model": "auth.permission",
  "fields": {
    "name": "Can change message",
    "content_type": [
      "chat",
      "message"
    ],
    "codename": "change_message"
  }
},
{
  "model": "auth.permission",
  "fields": {
    "name": "Can delete message",
    "content_type": [
      "chat",
      "message"
    ],
    "codename": "delete_message"
  }
},
{
  "model": "auth.permission",
  "fields": {
    "name": "Can view message",
    "content_type": [
      "chat",
      "message"
    ],
    "codename": "view_message"
  }
},
{
  "model": "auth.permission",
  "fields": {
    "name": "Can add friend request",
    "content_type": [
      "chat",
      "friendrequest"
    ],
    "codename": "add_friendrequest"
  }
},
{
  "model": "auth.permission",
  "fields": {
    "name": "Can change friend request",
    "content_type": [
      "chat",
      "friendrequest"
    ],
    "codename": "change_friendrequest"
  }
},
{
  "model": "auth.permission",
  "fields": {
    "name": "Can delete friend request",
    "content_type": [
      "chat",
      "friendrequest"
    ],
    "codename": "delete_friendrequest"
  }
},
{
  "model": "auth.permission",
  "fields": {
    "name": "Can view friend request",
    "content_type": [
      "chat",
      "friendrequest"
    ],
    "codename": "view_friendrequest"
  }
},
{
  "model": "auth.permission",
  "fields": {
    "name": "Can add block",
    "content_type": [
      "chat",
      "block"
    ],
    "codename": "add_block"
  }
},
{
  "model": "auth.permission",
  "fields": {
    "name": "Can change block",
    "content_type": [
      "chat",
      "block"
    ],
    "codename": "change_block"
  }
},
{
  "model": "auth.permission",
  "fields": {
    "name": "Can delete block",
    "content_type": [
      "chat",
      "block"
    ],
    "codename": "delete_block"
  }
},
{
  "model": "auth.permission",
  "fields": {
    "name": "Can view block",
    "content_type": [
      "chat",
      "block"
    ],
    "codename": "view_block"
  }
},
{
  "model": "auth.permission",
  "fields": {
    "name": "Can add presence",
    "content_type": [
      "chat",
      "presence"
    ],
    "codename": "add_presence"
  }
},
{
  "model": "auth.permission",
  "fields": {
    "name": "Can change presence",
    "content_type": [
      "chat",
      "presence"
    ],
    "codename": "change_presence"
  }
},
{
  "model": "auth.permission",
  "fields": {
    "name": "Can delete presence",
    "content_type": [
      "chat",
      "presence"
    ],
    "codename": "delete_presence"
  }
},
{
  "model": "auth.permission",
  "fields": {
    "name": "Can view presence",
    "content_type": [
      "chat",
      "presence"
    ],
    "codename": "view_presence"
  }
},
{
  "model": "auth.permission",
  "fields": {
    "name": "Can add Token",
    "content_type": [
      "authtoken",
      "token"
    ],
    "codename": "add_token"
  }
},
{
  "model": "auth.permission",
  "fields": {
    "name": "Can change Token",
    "content_type": [
      "authtoken",
      "token"
    ],
    "codename": "change_token"
  }
},
{
  "model": "auth.permission",
  "fields": {
    "name": "Can delete Token",
    "content_type": [
      "authtoken",
      "token"
    ],
    "codename": "delete_token"
  }
},
{
  "model": "auth.permission",
  "fields": {
    "name": "Can view Token",
    "content_type": [
      "authtoken",
      "token"
    ],
    "codename": "view_token"
  }
},
{
  "model": "auth.permission",
  "fields": {
    "name": "Can add Token",
    "content_type": [
      "authtoken",
      "tokenproxy"
    ],
    "codename": "add_tokenproxy"
  }
},
{
  "model": "auth.permission",
  "fields": {
    "name": "Can change Token",
    "content_type": [
      "authtoken",
      "tokenproxy"
    ],
    "codename": "change_tokenproxy"
  }
},
{
  "model": "auth.permission",
  "fields": {
    "name": "Can delete Token",
    "content_type": [
      "authtoken",
      "tokenproxy"
    ],
    "codename": "delete_tokenproxy"
  }
},
{
  "model": "auth.permission",
  "fields": {
    "name": "Can view Token",
    "content_type": [
      "authtoken",
      "tokenproxy"
    ],
    "codename": "view_tokenproxy"
  }
},
{
  "model": "auth.permission",
  "fields": {
    "name": "Can add account profile",
    "content_type": [
      "accounts",
      "accountprofile"
    ],
    "codename": "add_accountprofile"
  }
},
{
  "model": "auth.permission",
  "fields": {
    "name": "Can change account profile",
    "content_type": [
      "accounts",
      "accountprofile"
    ],
    "codename": "change_accountprofile"
  }
},
{
  "model": "auth.permission",
  "fields": {
    "name": "Can delete account profile",
    "content_type": [
      "accounts",
      "accountprofile"
    ],
    "codename": "delete_accountprofile"
  }
},
{
  "model": "auth.permission",
  "fields": {
    "name": "Can view account profile",
    "content_type": [
      "accounts",
      "accountprofile"
    ],
    "codename": "view_accountprofile"
  }
},
{
  "model": "auth.user",
  "fields": {
    "password": "pbkdf2_sha256$1200000$7DWrOzazBbCIiBkFu2Q9OZ$Ak7j643a04ZwjPbgMRKcDa39I1cqKX5I5RmBl1XFM8w=",
    "last_login": "2026-05-24T16:32:08.374Z",
    "is_superuser": false,
    "username": "workspace1",
    "first_name": "",
    "last_name": "",
    "email": "kelvinuncleuc@gmail.com",
    "is_staff": false,
    "is_active": true,
    "date_joined": "2026-05-11T18:25:41.754Z",
    "groups": [],
    "user_permissions": []
  }
},
{
  "model": "auth.user",
  "fields": {
    "password": "pbkdf2_sha256$1200000$PWSOVoZp43qQA9YVIV983f$P2QV/wlAbma5WvC0F+C4ur/XPVKOCHoIC9fP0D/5Q3I=",
    "last_login": "2026-05-11T18:32:56.622Z",
    "is_superuser": false,
    "username": "Kelvin",
    "first_name": "",
    "last_name": "",
    "email": "oliv.3488@gmail.com",
    "is_staff": false,
    "is_active": true,
    "date_joined": "2026-05-11T18:30:00.323Z",
    "groups": [],
    "user_permissions": []
  }
},
{
  "model": "auth.user",
  "fields": {
    "password": "pbkdf2_sha256$1200000$SC2OfOqybnpJ2WT19cmKDJ$BJMKrpVNv1uPx8V9+URLcZ0wZ/TAqYfjKLz4nGtfzDs=",
    "last_login": "2026-05-28T13:45:55.860Z",
    "is_superuser": false,
    "username": "kelvin-uc",
    "first_name": "",
    "last_name": "",
    "email": "kelvin@toriloacademy.com",
    "is_staff": false,
    "is_active": true,
    "date_joined": "2026-05-19T12:53:08.109Z",
    "groups": [],
    "user_permissions": []
  }
},
{
  "model": "auth.user",
  "fields": {
    "password": "pbkdf2_sha256$1200000$lxoxIms6ka3WAjKxjpOEp4$+phUSQMEqycC5cX/MP1F/yuuOb4PynwZQ4szqNgeLPQ=",
    "last_login": "2026-05-19T13:04:27.286Z",
    "is_superuser": false,
    "username": "user1",
    "first_name": "",
    "last_name": "",
    "email": "user1@gmail.com",
    "is_staff": false,
    "is_active": true,
    "date_joined": "2026-05-19T13:04:24.654Z",
    "groups": [],
    "user_permissions": []
  }
},
{
  "model": "auth.user",
  "fields": {
    "password": "pbkdf2_sha256$1200000$SCBCOCi1cS1F1EbxJf39Z2$jdTVylFeMqfl1YJf3NViWpGHO1i3HIZBTxiIkaLwEOE=",
    "last_login": "2026-05-19T13:58:42.873Z",
    "is_superuser": false,
    "username": "Cheryl",
    "first_name": "",
    "last_name": "",
    "email": "cherylpankova@gmail.com",
    "is_staff": false,
    "is_active": true,
    "date_joined": "2026-05-19T13:58:40.355Z",
    "groups": [],
    "user_permissions": []
  }
},
{
  "model": "auth.user",
  "fields": {
    "password": "pbkdf2_sha256$1200000$AduOQzCgmjUy81EGzSvyzU$vXBkqo0ZqKmQWP5ZNABAP3UOL0pUk4NpKASZ/3MLrM8=",
    "last_login": "2026-05-27T23:34:49.436Z",
    "is_superuser": true,
    "username": "kelvin",
    "first_name": "",
    "last_name": "",
    "email": "kelvin@gmail.com",
    "is_staff": true,
    "is_active": true,
    "date_joined": "2026-05-26T17:08:50.015Z",
    "groups": [],
    "user_permissions": []
  }
},
{
  "model": "chat.conversation",
  "pk": "0ca7a865-7339-4315-ac56-49a4de1e5ca5",
  "fields": {
    "name": "",
    "is_group": false,
    "is_favorite": false,
    "created_at": "2026-05-19T13:39:02.591Z",
    "participants": [
      [
        "kelvin-uc"
      ],
      [
        "user1"
      ]
    ],
    "archived_by": [],
    "blocked_by": []
  }
},
{
  "model": "chat.conversation",
  "pk": "1cd971ff-d9ea-431e-9a07-242416ef0020",
  "fields": {
    "name": "",
    "is_group": false,
    "is_favorite": false,
    "created_at": "2026-05-24T13:19:04.237Z",
    "participants": [
      [
        "workspace1"
      ]
    ],
    "archived_by": [],
    "blocked_by": []
  }
},
{
  "model": "chat.conversation",
  "pk": "2fe82719-d70c-4c11-9354-89f4755b3024",
  "fields": {
    "name": "Private Workspace",
    "is_group": false,
    "is_favorite": false,
    "created_at": "2026-05-11T18:34:49.669Z",
    "participants": [
      [
        "workspace1"
      ],
      [
        "Kelvin"
      ]
    ],
    "archived_by": [],
    "blocked_by": []
  }
},
{
  "model": "chat.conversation",
  "pk": "4cbc9b1a-fd9a-4618-b51a-78fc91e6cce1",
  "fields": {
    "name": "",
    "is_group": false,
    "is_favorite": false,
    "created_at": "2026-05-19T13:59:34.944Z",
    "participants": [
      [
        "user1"
      ],
      [
        "Cheryl"
      ]
    ],
    "archived_by": [],
    "blocked_by": []
  }
},
{
  "model": "chat.conversation",
  "pk": "545c80c0-057f-4bde-ba75-b873659f37c6",
  "fields": {
    "name": "",
    "is_group": false,
    "is_favorite": false,
    "created_at": "2026-05-11T18:34:22.634Z",
    "participants": [
      [
        "workspace1"
      ],
      [
        "Kelvin"
      ]
    ],
    "archived_by": [],
    "blocked_by": []
  }
},
{
  "model": "chat.conversation",
  "pk": "7931a856-51c6-4699-896a-8dd58f31b7a2",
  "fields": {
    "name": "Private Workspace",
    "is_group": false,
    "is_favorite": false,
    "created_at": "2026-05-11T18:30:36.750Z",
    "participants": [
      [
        "workspace1"
      ],
      [
        "Kelvin"
      ]
    ],
    "archived_by": [],
    "blocked_by": []
  }
},
{
  "model": "chat.conversation",
  "pk": "7954b86c-5ad8-47ec-99e7-b521dfa259de",
  "fields": {
    "name": "",
    "is_group": false,
    "is_favorite": false,
    "created_at": "2026-05-25T12:59:48.275Z",
    "participants": [
      [
        "workspace1"
      ],
      [
        "Cheryl"
      ]
    ],
    "archived_by": [],
    "blocked_by": []
  }
},
{
  "model": "chat.conversation",
  "pk": "ad774f53-1ab4-4df9-b986-2697bea534cd",
  "fields": {
    "name": "",
    "is_group": false,
    "is_favorite": false,
    "created_at": "2026-05-19T13:09:29.342Z",
    "participants": [
      [
        "kelvin-uc"
      ],
      [
        "user1"
      ]
    ],
    "archived_by": [],
    "blocked_by": []
  }
},
{
  "model": "chat.conversation",
  "pk": "b4e043d7-fd83-424f-9a7c-2854d67b69e4",
  "fields": {
    "name": "Workspace",
    "is_group": false,
    "is_favorite": false,
    "created_at": "2026-05-19T13:13:56.504Z",
    "participants": [
      [
        "kelvin-uc"
      ],
      [
        "user1"
      ]
    ],
    "archived_by": [],
    "blocked_by": []
  }
},
{
  "model": "chat.conversation",
  "pk": "d5152176-8eda-43c7-a642-7d3b8c78671c",
  "fields": {
    "name": "",
    "is_group": false,
    "is_favorite": false,
    "created_at": "2026-05-25T12:59:34.548Z",
    "participants": [
      [
        "kelvin-uc"
      ],
      [
        "Cheryl"
      ]
    ],
    "archived_by": [],
    "blocked_by": []
  }
},
{
  "model": "chat.conversation",
  "pk": "eb35adbd-6748-48c9-9dc7-fe363a2050d1",
  "fields": {
    "name": "",
    "is_group": false,
    "is_favorite": false,
    "created_at": "2026-05-25T12:57:56.950Z",
    "participants": [
      [
        "workspace1"
      ],
      [
        "kelvin-uc"
      ]
    ],
    "archived_by": [],
    "blocked_by": []
  }
},
{
  "model": "chat.friendrequest",
  "pk": 1,
  "fields": {
    "from_user": [
      "kelvin-uc"
    ],
    "to_user": [
      "workspace1"
    ],
    "status": "accepted",
    "created_at": "2026-05-24T16:31:24.889Z"
  }
},
{
  "model": "chat.friendrequest",
  "pk": 2,
  "fields": {
    "from_user": [
      "Cheryl"
    ],
    "to_user": [
      "workspace1"
    ],
    "status": "accepted",
    "created_at": "2026-05-24T17:46:05.203Z"
  }
},
{
  "model": "chat.friendrequest",
  "pk": 3,
  "fields": {
    "from_user": [
      "Cheryl"
    ],
    "to_user": [
      "kelvin-uc"
    ],
    "status": "accepted",
    "created_at": "2026-05-24T17:46:20.965Z"
  }
},
{
  "model": "chat.friendrequest",
  "pk": 4,
  "fields": {
    "from_user": [
      "kelvin-uc"
    ],
    "to_user": [
      "kelvin"
    ],
    "status": "pending",
    "created_at": "2026-05-28T12:59:04.643Z"
  }
},
{
  "model": "chat.message",
  "pk": 1,
  "fields": {
    "conversation": "7931a856-51c6-4699-896a-8dd58f31b7a2",
    "sender": [
      "workspace1"
    ],
    "content": "hello",
    "attachment": "",
    "created_at": "2026-05-11T18:30:50.478Z",
    "edited": false,
    "deleted": false,
    "read_by": []
  }
},
{
  "model": "chat.message",
  "pk": 2,
  "fields": {
    "conversation": "7931a856-51c6-4699-896a-8dd58f31b7a2",
    "sender": [
      "Kelvin"
    ],
    "content": "hi",
    "attachment": "",
    "created_at": "2026-05-11T18:31:07.986Z",
    "edited": false,
    "deleted": false,
    "read_by": []
  }
},
{
  "model": "chat.message",
  "pk": 3,
  "fields": {
    "conversation": "7931a856-51c6-4699-896a-8dd58f31b7a2",
    "sender": [
      "Kelvin"
    ],
    "content": "hi",
    "attachment": "",
    "created_at": "2026-05-11T18:31:22.528Z",
    "edited": false,
    "deleted": false,
    "read_by": []
  }
},
{
  "model": "chat.message",
  "pk": 4,
  "fields": {
    "conversation": "2fe82719-d70c-4c11-9354-89f4755b3024",
    "sender": [
      "Kelvin"
    ],
    "content": "👇👉😢",
    "attachment": "",
    "created_at": "2026-05-11T18:37:59.020Z",
    "edited": false,
    "deleted": false,
    "read_by": []
  }
},
{
  "model": "chat.message",
  "pk": 5,
  "fields": {
    "conversation": "7931a856-51c6-4699-896a-8dd58f31b7a2",
    "sender": [
      "Kelvin"
    ],
    "content": "",
    "attachment": "chat_attachments/Module_13_Django_REST_APIs_DRF.pdf",
    "created_at": "2026-05-11T19:06:04.858Z",
    "edited": false,
    "deleted": false,
    "read_by": []
  }
},
{
  "model": "chat.message",
  "pk": 6,
  "fields": {
    "conversation": "b4e043d7-fd83-424f-9a7c-2854d67b69e4",
    "sender": [
      "kelvin-uc"
    ],
    "content": "hi",
    "attachment": "",
    "created_at": "2026-05-19T13:55:24.653Z",
    "edited": false,
    "deleted": false,
    "read_by": []
  }
},
{
  "model": "chat.message",
  "pk": 7,
  "fields": {
    "conversation": "b4e043d7-fd83-424f-9a7c-2854d67b69e4",
    "sender": [
      "kelvin-uc"
    ],
    "content": "hello",
    "attachment": "",
    "created_at": "2026-05-19T13:55:51.325Z",
    "edited": false,
    "deleted": false,
    "read_by": []
  }
},
{
  "model": "chat.message",
  "pk": 8,
  "fields": {
    "conversation": "4cbc9b1a-fd9a-4618-b51a-78fc91e6cce1",
    "sender": [
      "Cheryl"
    ],
    "content": "Hello",
    "attachment": "",
    "created_at": "2026-05-19T13:59:52.958Z",
    "edited": false,
    "deleted": false,
    "read_by": []
  }
},
{
  "model": "chat.message",
  "pk": 9,
  "fields": {
    "conversation": "b4e043d7-fd83-424f-9a7c-2854d67b69e4",
    "sender": [
      "user1"
    ],
    "content": "hello",
    "attachment": "",
    "created_at": "2026-05-19T14:13:07.141Z",
    "edited": false,
    "deleted": false,
    "read_by": []
  }
},
{
  "model": "chat.message",
  "pk": 10,
  "fields": {
    "conversation": "b4e043d7-fd83-424f-9a7c-2854d67b69e4",
    "sender": [
      "kelvin-uc"
    ],
    "content": "how far",
    "attachment": "",
    "created_at": "2026-05-19T14:13:23.960Z",
    "edited": false,
    "deleted": false,
    "read_by": []
  }
},
{
  "model": "chat.message",
  "pk": 11,
  "fields": {
    "conversation": "b4e043d7-fd83-424f-9a7c-2854d67b69e4",
    "sender": [
      "user1"
    ],
    "content": "sharp, everythin clear",
    "attachment": "",
    "created_at": "2026-05-19T14:13:51.174Z",
    "edited": false,
    "deleted": false,
    "read_by": []
  }
},
{
  "model": "chat.message",
  "pk": 12,
  "fields": {
    "conversation": "0ca7a865-7339-4315-ac56-49a4de1e5ca5",
    "sender": [
      "kelvin-uc"
    ],
    "content": "hello",
    "attachment": "",
    "created_at": "2026-05-24T14:51:40.283Z",
    "edited": false,
    "deleted": false,
    "read_by": []
  }
},
{
  "model": "chat.message",
  "pk": 13,
  "fields": {
    "conversation": "0ca7a865-7339-4315-ac56-49a4de1e5ca5",
    "sender": [
      "kelvin-uc"
    ],
    "content": "hi there",
    "attachment": "",
    "created_at": "2026-05-24T14:51:51.628Z",
    "edited": false,
    "deleted": false,
    "read_by": []
  }
},
{
  "model": "chat.message",
  "pk": 33,
  "fields": {
    "conversation": "eb35adbd-6748-48c9-9dc7-fe363a2050d1",
    "sender": [
      "kelvin-uc"
    ],
    "content": "hello",
    "attachment": "",
    "created_at": "2026-05-25T12:59:09.861Z",
    "edited": false,
    "deleted": false,
    "read_by": [
      [
        "workspace1"
      ]
    ]
  }
},
{
  "model": "chat.message",
  "pk": 34,
  "fields": {
    "conversation": "7954b86c-5ad8-47ec-99e7-b521dfa259de",
    "sender": [
      "workspace1"
    ],
    "content": "hello",
    "attachment": "",
    "created_at": "2026-05-25T12:59:53.121Z",
    "edited": false,
    "deleted": false,
    "read_by": [
      [
        "Cheryl"
      ]
    ]
  }
},
{
  "model": "chat.message",
  "pk": 35,
  "fields": {
    "conversation": "eb35adbd-6748-48c9-9dc7-fe363a2050d1",
    "sender": [
      "kelvin-uc"
    ],
    "content": "hi",
    "attachment": "",
    "created_at": "2026-05-25T13:00:40.016Z",
    "edited": false,
    "deleted": false,
    "read_by": [
      [
        "workspace1"
      ]
    ]
  }
},
{
  "model": "chat.message",
  "pk": 36,
  "fields": {
    "conversation": "eb35adbd-6748-48c9-9dc7-fe363a2050d1",
    "sender": [
      "kelvin-uc"
    ],
    "content": "hello there",
    "attachment": "",
    "created_at": "2026-05-25T13:04:26.414Z",
    "edited": false,
    "deleted": false,
    "read_by": [
      [
        "workspace1"
      ]
    ]
  }
},
{
  "model": "chat.message",
  "pk": 37,
  "fields": {
    "conversation": "eb35adbd-6748-48c9-9dc7-fe363a2050d1",
    "sender": [
      "kelvin-uc"
    ],
    "content": "hello",
    "attachment": "",
    "created_at": "2026-05-25T13:05:20.602Z",
    "edited": false,
    "deleted": false,
    "read_by": [
      [
        "workspace1"
      ]
    ]
  }
},
{
  "model": "chat.message",
  "pk": 38,
  "fields": {
    "conversation": "d5152176-8eda-43c7-a642-7d3b8c78671c",
    "sender": [
      "kelvin-uc"
    ],
    "content": "hi",
    "attachment": "",
    "created_at": "2026-05-25T13:06:40.969Z",
    "edited": false,
    "deleted": false,
    "read_by": [
      [
        "Cheryl"
      ]
    ]
  }
},
{
  "model": "chat.message",
  "pk": 39,
  "fields": {
    "conversation": "7954b86c-5ad8-47ec-99e7-b521dfa259de",
    "sender": [
      "Cheryl"
    ],
    "content": "Hello",
    "attachment": "",
    "created_at": "2026-05-25T13:07:32.260Z",
    "edited": false,
    "deleted": false,
    "read_by": [
      [
        "workspace1"
      ]
    ]
  }
},
{
  "model": "chat.message",
  "pk": 40,
  "fields": {
    "conversation": "eb35adbd-6748-48c9-9dc7-fe363a2050d1",
    "sender": [
      "kelvin-uc"
    ],
    "content": "hi",
    "attachment": "",
    "created_at": "2026-05-25T13:08:02.069Z",
    "edited": false,
    "deleted": false,
    "read_by": [
      [
        "workspace1"
      ]
    ]
  }
},
{
  "model": "chat.message",
  "pk": 41,
  "fields": {
    "conversation": "eb35adbd-6748-48c9-9dc7-fe363a2050d1",
    "sender": [
      "kelvin-uc"
    ],
    "content": "helllo",
    "attachment": "",
    "created_at": "2026-05-25T13:17:11.891Z",
    "edited": false,
    "deleted": false,
    "read_by": [
      [
        "workspace1"
      ]
    ]
  }
},
{
  "model": "chat.message",
  "pk": 42,
  "fields": {
    "conversation": "eb35adbd-6748-48c9-9dc7-fe363a2050d1",
    "sender": [
      "kelvin-uc"
    ],
    "content": "hello",
    "attachment": "",
    "created_at": "2026-05-25T13:31:16.099Z",
    "edited": false,
    "deleted": false,
    "read_by": [
      [
        "workspace1"
      ]
    ]
  }
},
{
  "model": "chat.message",
  "pk": 43,
  "fields": {
    "conversation": "eb35adbd-6748-48c9-9dc7-fe363a2050d1",
    "sender": [
      "workspace1"
    ],
    "content": "hello",
    "attachment": "",
    "created_at": "2026-05-25T13:31:46.749Z",
    "edited": false,
    "deleted": false,
    "read_by": [
      [
        "kelvin-uc"
      ]
    ]
  }
},
{
  "model": "chat.message",
  "pk": 44,
  "fields": {
    "conversation": "eb35adbd-6748-48c9-9dc7-fe363a2050d1",
    "sender": [
      "workspace1"
    ],
    "content": "hello",
    "attachment": "",
    "created_at": "2026-05-25T13:32:15.539Z",
    "edited": false,
    "deleted": false,
    "read_by": [
      [
        "kelvin-uc"
      ]
    ]
  }
},
{
  "model": "authtoken.token",
  "pk": "344b30552d32a7d5a74f2cae520caa7529b7dc73",
  "fields": {
    "user": [
      "kelvin"
    ],
    "created": "2026-05-28T12:39:45.721Z"
  }
}
]
