[{"model": "auth.user", "fields": {"password": "pbkdf2_sha256$1200000$7DWrOzazBbCIiBkFu2Q9OZ$Ak7j643a04ZwjPbgMRKcDa39I1cqKX5I5RmBl1XFM8w=", "last_login": "2026-05-24T16:32:08.374Z", "is_superuser": false, "username": "workspace1", "first_name": "", "last_name": "", "email": "kelvinuncleuc@gmail.com", "is_staff": false, "is_active": true, "date_joined": "2026-05-11T18:25:41.754Z", "groups": [], "user_permissions": []}}, {"model": "auth.user", "fields": {"password": "pbkdf2_sha256$1200000$PWSOVoZp43qQA9YVIV983f$P2QV/wlAbma5WvC0F+C4ur/XPVKOCHoIC9fP0D/5Q3I=", "last_login": "2026-05-11T18:32:56.622Z", "is_superuser": false, "username": "Kelvin", "first_name": "", "last_name": "", "email": "oliv.3488@gmail.com", "is_staff": false, "is_active": true, "date_joined": "2026-05-11T18:30:00.323Z", "groups": [], "user_permissions": []}}, {"model": "auth.user", "fields": {"password": "pbkdf2_sha256$1200000$SC2OfOqybnpJ2WT19cmKDJ$BJMKrpVNv1uPx8V9+URLcZ0wZ/TAqYfjKLz4nGtfzDs=", "last_login": "2026-05-28T13:45:55.860Z", "is_superuser": false, "username": "kelvin-uc", "first_name": "", "last_name": "", "email": "kelvin@toriloacademy.com", "is_staff": false, "is_active": true, "date_joined": "2026-05-19T12:53:08.109Z", "groups": [], "user_permissions": []}}, {"model": "auth.user", "fields": {"password": "pbkdf2_sha256$1200000$lxoxIms6ka3WAjKxjpOEp4$+phUSQMEqycC5cX/MP1F/yuuOb4PynwZQ4szqNgeLPQ=", "last_login": "2026-05-19T13:04:27.286Z", "is_superuser": false, "username": "user1", "first_name": "", "last_name": "", "email": "user1@gmail.com", "is_staff": false, "is_active": true, "date_joined": "2026-05-19T13:04:24.654Z", "groups": [], "user_permissions": []}}, {"model": "auth.user", "fields": {"password": "pbkdf2_sha256$1200000$SCBCOCi1cS1F1EbxJf39Z2$jdTVylFeMqfl1YJf3NViWpGHO1i3HIZBTxiIkaLwEOE=", "last_login": "2026-05-19T13:58:42.873Z", "is_superuser": false, "username": "Cheryl", "first_name": "", "last_name": "", "email": "cherylpankova@gmail.com", "is_staff": false, "is_active": true, "date_joined": "2026-05-19T13:58:40.355Z", "groups": [], "user_permissions": []}}, {"model": "auth.user", "fields": {"password": "pbkdf2_sha256$1200000$AduOQzCgmjUy81EGzSvyzU$vXBkqo0ZqKmQWP5ZNABAP3UOL0pUk4NpKASZ/3MLrM8=", "last_login": "2026-05-27T23:34:49.436Z", "is_superuser": true, "username": "kelvin", "first_name": "", "last_name": "", "email": "kelvin@gmail.com", "is_staff": true, "is_active": true, "date_joined": "2026-05-26T17:08:50.015Z", "groups": [], "user_permissions": []}}, {"model": "sessions.session", "pk": "1hs55v866wej4shltk3lh8u48bgyr423", "fields": {"session_data": ".eJxVjEEOwiAQRe_C2pBKGaAu3XsGMjNMpWogKe3KeHfbpAvd_vfef6uI65Lj2mSOU1IX1avT70bITyk7SA8s96q5lmWeSO-KPmjTt5rkdT3cv4OMLW81e_Gd7dizBeuBIWDfO2bjDRkJI4oEMm4QA4GHM4xIJAHdlpgEAOrzBeNSOAs:1wSb3b:WSNPlUU6-GKO_vlhdQ-Xqwb2dG65yFXGUorpGBqQuNY", "expire_date": "2026-06-11T13:45:55.871Z"}}, {"model": "sessions.session", "pk": "1oxyhthfv4yvrio69vxkdsh3pnmwlgmc", "fields": {"session_data": ".eJxVjEEOwiAQRe_C2hCgYBmX7nsGMjCDVA0kpV0Z765NutDtf-_9lwi4rSVsnZcwk7gILU6_W8T04LoDumO9NZlaXZc5yl2RB-1yasTP6-H-HRTs5VuPiAheW8VZ2Wi1UmgcgUlAIxjnrclpcICc2J9B8YDA5D1lq320AOL9Adl9N7g:1wR7ja:gt2RvHmrfbMLOdUCHz6ZtVLZhObxIUHI2F5R_QJfd3A", "expire_date": "2026-06-07T12:15:10.261Z"}}, {"model": "sessions.session", "pk": "22zf2jxv8mzr6goh1r2zin2iuj2lnt3g", "fields": {"session_data": ".eJxVjEEOwiAQRe_C2hCYMiAu3XsGMsAgVUOT0q6Md7dNutDtf-_9twi0LjWsnecwZnERVpx-t0jpyW0H-UHtPsk0tWUeo9wVedAub1Pm1_Vw_w4q9brVqHUC6x0UjVAAMFlWQKSyQQMeh0jOqcGgZ2CL6M4q6oK4RZQpg_h8AbDINtQ:1wRA9d:lvcTLbCv3u2eeSUdo_S7SwxCq3DM1wPyB4QnG-nX8Do", "expire_date": "2026-06-07T14:50:13.526Z"}}, {"model": "sessions.session", "pk": "5bezzv55x4xsj9swmlag39bozv8575hw", "fields": {"session_data": ".eJxVjDkOAjEQBP_iGFk-8CFCct5gzdgzeAHZ0h7Rir-DpQ2gw67q3kWCba1pW2hOUxEXYcTpt0PIT2oDlAe0e5e5t3WeUA5FHnSRt17odT3cv4MKS_2urYocyEWvEDR7FUvIWY8EZ41xZM9IjNYHRayJOTOaogGHpUwU7w_XEjgT:1wMVR2:NdKuLznMNsDLQlicrUG_x8apG8SVun2r2hHQF8tfM6U", "expire_date": "2026-05-25T18:32:56.629Z"}}, {"model": "sessions.session", "pk": "5ydtk4u14eymzxj3j60btf8yl60cgv1j", "fields": {"session_data": ".eJxVjDsOwjAQBe_iGlkx_lPS5wzWenfBAWRLcVIh7k4ipYD2zcx7iwTrUtLaeU4TiYsw4vS7ZcAn1x3QA-q9SWx1macsd0UetMuxEb-uh_t3UKCXrdbOBCDjA2Z2EekGXlkdbVAccxy8HyIqVjGTOUO2ngC9dluirQ4MKD5f4_g4Gg:1wPK7X:y4gc8sU5uGgGRiikcbLiABYI0m6p8I70tCy2XuDEZYM", "expire_date": "2026-06-02T13:04:27.292Z"}}, {"model": "sessions.session", "pk": "frva2x248efh10redxmkirkc8d16yetl", "fields": {"session_data": ".eJxVjEEOwiAQRe_C2hCgBQaX7nsGMjBTqZo2Ke3KeHdp0oVu_3vvv0XEfStxr7zGicRVWHH53RLmJ88HoAfO90XmZd7WKclDkSetcliIX7fT_TsoWEurnYJuRNexcXoMCKGzBEqjTeQBjGKwoF0DPWPSRMn3Jijtm-BzZis-X8orN4I:1wPKy2:g8_4EFWzNoRLcirqksN4lSzGMyRDR-WKbroMy9htUUA", "expire_date": "2026-06-02T13:58:42.878Z"}}, {"model": "sessions.session", "pk": "ng7fjay32f6yvjy98isml0ndycv5ps1q", "fields": {"session_data": ".eJxVjEEOwiAQRe_C2hCgYBmX7nsGMjCDVA0kpV0Z765NutDtf-_9lwi4rSVsnZcwk7gILU6_W8T04LoDumO9NZlaXZc5yl2RB-1yasTP6-H-HRTs5VuPiAheW8VZ2Wi1UmgcgUlAIxjnrclpcICc2J9B8YDA5D1lq320AOL9Adl9N7g:1wR7jc:DgaflCBn23N6DvKLtTQj-AnIzUPEeQkesNr90PLvXns", "expire_date": "2026-06-07T12:15:12.094Z"}}, {"model": "sessions.session", "pk": "th2nls5ky0adp6lwc7fkjs1zlumfxc2y", "fields": {"session_data": ".eJxVjEEOwiAQRe_C2hCgYBmX7nsGMjCDVA0kpV0Z765NutDtf-_9lwi4rSVsnZcwk7gILU6_W8T04LoDumO9NZlaXZc5yl2RB-1yasTP6-H-HRTs5VuPiAheW8VZ2Wi1UmgcgUlAIxjnrclpcICc2J9B8YDA5D1lq320AOL9Adl9N7g:1wRBkG:h_LJRfFF2fHuy3KjDSNuuWmIZ6HxBDcX6cU4QDL04g8", "expire_date": "2026-06-07T16:32:08.379Z"}}, {"model": "sessions.session", "pk": "vy7b141zcdu6earw0a1n3q3jus1fo8ww", "fields": {"session_data": ".eJxVjEEOwiAQRe_C2hCgYBmX7nsGMjCDVA0kpV0Z765NutDtf-_9lwi4rSVsnZcwk7gILU6_W8T04LoDumO9NZlaXZc5yl2RB-1yasTP6-H-HRTs5VuPiAheW8VZ2Wi1UmgcgUlAIxjnrclpcICc2J9B8YDA5D1lq320AOL9Adl9N7g:1wSbOc:HGh3c3BJyhX6ox2y2NHmDxZJ3wOqS39cyL2fpwJcfvM", "expire_date": "2026-06-11T14:07:38.730Z"}}, {"model": "sessions.session", "pk": "w9pkaqysaek4e7f7z2peijwljq5x0pxh", "fields": {"session_data": ".eJxVjEEOwiAQRe_C2pBKGaAu3XsGMjNMpWogKe3KeHfbpAvd_vfef6uI65Lj2mSOU1IX1avT70bITyk7SA8s96q5lmWeSO-KPmjTt5rkdT3cv4OMLW81e_Gd7dizBeuBIWDfO2bjDRkJI4oEMm4QA4GHM4xIJAHdlpgEAOrzBeNSOAs:1wSaq9:M_xPme5KLaYOWCx7A5BL1prz-cDNAv6GniOOG2P4MVU", "expire_date": "2026-06-11T13:32:01.633Z"}}, {"model": "sessions.session", "pk": "ztffz8gep980iwlf02qemk56sfurb8ox", "fields": {"session_data": ".eJxVjEEOwiAQRe_C2pBKGaAu3XsGMjNMpWogKe3KeHfbpAvd_vfef6uI65Lj2mSOU1IX1avT70bITyk7SA8s96q5lmWeSO-KPmjTt5rkdT3cv4OMLW81e_Gd7dizBeuBIWDfO2bjDRkJI4oEMm4QA4GHM4xIJAHdlpgEAOrzBeNSOAs:1wPK50:o7K0MUN3Oy9K2L4gDC2xuTGRyjuDFQbDPU0y61SHfPA", "expire_date": "2026-06-02T13:01:50.105Z"}}, {"model": "authtoken.token", "pk": "344b30552d32a7d5a74f2cae520caa7529b7dc73", "fields": {"user": ["kelvin"], "created": "2026-05-28T12:39:45.721Z"}}, {"model": "accounts.accountprofile", "pk": 1, "fields": {"user": ["kelvin-uc"], "created_by": null, "bio": "", "profile_picture": "profile_pictures/Whiptrax_thumb3.jpg", "created_at": "2026-05-28T14:05:24.024Z"}}, {"model": "chat.conversation", "pk": "0ca7a865-7339-4315-ac56-49a4de1e5ca5", "fields": {"name": "", "is_group": false, "is_favorite": false, "created_at": "2026-05-19T13:39:02.591Z", "participants": [["kelvin-uc"], ["user1"]], "archived_by": [], "blocked_by": []}}, {"model": "chat.conversation", "pk": "1cd971ff-d9ea-431e-9a07-242416ef0020", "fields": {"name": "", "is_group": false, "is_favorite": false, "created_at": "2026-05-24T13:19:04.237Z", "participants": [["workspace1"]], "archived_by": [], "blocked_by": []}}, {"model": "chat.conversation", "pk": "2fe82719-d70c-4c11-9354-89f4755b3024", "fields": {"name": "Private Workspace", "is_group": false, "is_favorite": false, "created_at": "2026-05-11T18:34:49.669Z", "participants": [["workspace1"], ["Kelvin"]], "archived_by": [], "blocked_by": []}}, {"model": "chat.conversation", "pk": "4cbc9b1a-fd9a-4618-b51a-78fc91e6cce1", "fields": {"name": "", "is_group": false, "is_favorite": false, "created_at": "2026-05-19T13:59:34.944Z", "participants": [["user1"], ["Cheryl"]], "archived_by": [], "blocked_by": []}}, {"model": "chat.conversation", "pk": "545c80c0-057f-4bde-ba75-b873659f37c6", "fields": {"name": "", "is_group": false, "is_favorite": false, "created_at": "2026-05-11T18:34:22.634Z", "participants": [["workspace1"], ["Kelvin"]], "archived_by": [], "blocked_by": []}}, {"model": "chat.conversation", "pk": "7931a856-51c6-4699-896a-8dd58f31b7a2", "fields": {"name": "Private Workspace", "is_group": false, "is_favorite": false, "created_at": "2026-05-11T18:30:36.750Z", "participants": [["workspace1"], ["Kelvin"]], "archived_by": [], "blocked_by": []}}, {"model": "chat.conversation", "pk": "7954b86c-5ad8-47ec-99e7-b521dfa259de", "fields": {"name": "", "is_group": false, "is_favorite": false, "created_at": "2026-05-25T12:59:48.275Z", "participants": [["workspace1"], ["Cheryl"]], "archived_by": [], "blocked_by": []}}, {"model": "chat.conversation", "pk": "ad774f53-1ab4-4df9-b986-2697bea534cd", "fields": {"name": "", "is_group": false, "is_favorite": false, "created_at": "2026-05-19T13:09:29.342Z", "participants": [["kelvin-uc"], ["user1"]], "archived_by": [], "blocked_by": []}}, {"model": "chat.conversation", "pk": "b4e043d7-fd83-424f-9a7c-2854d67b69e4", "fields": {"name": "Workspace", "is_group": false, "is_favorite": false, "created_at": "2026-05-19T13:13:56.504Z", "participants": [["kelvin-uc"], ["user1"]], "archived_by": [], "blocked_by": []}}, {"model": "chat.conversation", "pk": "d5152176-8eda-43c7-a642-7d3b8c78671c", "fields": {"name": "", "is_group": false, "is_favorite": false, "created_at": "2026-05-25T12:59:34.548Z", "participants": [["kelvin-uc"], ["Cheryl"]], "archived_by": [], "blocked_by": []}}, {"model": "chat.conversation", "pk": "eb35adbd-6748-48c9-9dc7-fe363a2050d1", "fields": {"name": "", "is_group": false, "is_favorite": false, "created_at": "2026-05-25T12:57:56.950Z", "participants": [["workspace1"], ["kelvin-uc"]], "archived_by": [], "blocked_by": []}}, {"model": "chat.friendrequest", "pk": 1, "fields": {"from_user": ["kelvin-uc"], "to_user": ["workspace1"], "status": "accepted", "created_at": "2026-05-24T16:31:24.889Z"}}, {"model": "chat.friendrequest", "pk": 2, "fields": {"from_user": ["Cheryl"], "to_user": ["workspace1"], "status": "accepted", "created_at": "2026-05-24T17:46:05.203Z"}}, {"model": "chat.friendrequest", "pk": 3, "fields": {"from_user": ["Cheryl"], "to_user": ["kelvin-uc"], "status": "accepted", "created_at": "2026-05-24T17:46:20.965Z"}}, {"model": "chat.friendrequest", "pk": 4, "fields": {"from_user": ["kelvin-uc"], "to_user": ["kelvin"], "status": "pending", "created_at": "2026-05-28T12:59:04.643Z"}}, {"model": "chat.message", "pk": 1, "fields": {"conversation": "7931a856-51c6-4699-896a-8dd58f31b7a2", "sender": ["workspace1"], "content": "hello", "attachment": "", "created_at": "2026-05-11T18:30:50.478Z", "edited": false, "deleted": false, "read_by": []}}, {"model": "chat.message", "pk": 2, "fields": {"conversation": "7931a856-51c6-4699-896a-8dd58f31b7a2", "sender": ["Kelvin"], "content": "hi", "attachment": "", "created_at": "2026-05-11T18:31:07.986Z", "edited": false, "deleted": false, "read_by": []}}, {"model": "chat.message", "pk": 3, "fields": {"conversation": "7931a856-51c6-4699-896a-8dd58f31b7a2", "sender": ["Kelvin"], "content": "hi", "attachment": "", "created_at": "2026-05-11T18:31:22.528Z", "edited": false, "deleted": false, "read_by": []}}, {"model": "chat.message", "pk": 4, "fields": {"conversation": "2fe82719-d70c-4c11-9354-89f4755b3024", "sender": ["Kelvin"], "content": "👇👉😢", "attachment": "", "created_at": "2026-05-11T18:37:59.020Z", "edited": false, "deleted": false, "read_by": []}}, {"model": "chat.message", "pk": 5, "fields": {"conversation": "7931a856-51c6-4699-896a-8dd58f31b7a2", "sender": ["Kelvin"], "content": "", "attachment": "chat_attachments/Module_13_Django_REST_APIs_DRF.pdf", "created_at": "2026-05-11T19:06:04.858Z", "edited": false, "deleted": false, "read_by": []}}, {"model": "chat.message", "pk": 6, "fields": {"conversation": "b4e043d7-fd83-424f-9a7c-2854d67b69e4", "sender": ["kelvin-uc"], "content": "hi", "attachment": "", "created_at": "2026-05-19T13:55:24.653Z", "edited": false, "deleted": false, "read_by": []}}, {"model": "chat.message", "pk": 7, "fields": {"conversation": "b4e043d7-fd83-424f-9a7c-2854d67b69e4", "sender": ["kelvin-uc"], "content": "hello", "attachment": "", "created_at": "2026-05-19T13:55:51.325Z", "edited": false, "deleted": false, "read_by": []}}, {"model": "chat.message", "pk": 8, "fields": {"conversation": "4cbc9b1a-fd9a-4618-b51a-78fc91e6cce1", "sender": ["Cheryl"], "content": "Hello", "attachment": "", "created_at": "2026-05-19T13:59:52.958Z", "edited": false, "deleted": false, "read_by": []}}, {"model": "chat.message", "pk": 9, "fields": {"conversation": "b4e043d7-fd83-424f-9a7c-2854d67b69e4", "sender": ["user1"], "content": "hello", "attachment": "", "created_at": "2026-05-19T14:13:07.141Z", "edited": false, "deleted": false, "read_by": []}}, {"model": "chat.message", "pk": 10, "fields": {"conversation": "b4e043d7-fd83-424f-9a7c-2854d67b69e4", "sender": ["kelvin-uc"], "content": "how far", "attachment": "", "created_at": "2026-05-19T14:13:23.960Z", "edited": false, "deleted": false, "read_by": []}}, {"model": "chat.message", "pk": 11, "fields": {"conversation": "b4e043d7-fd83-424f-9a7c-2854d67b69e4", "sender": ["user1"], "content": "sharp, everythin clear", "attachment": "", "created_at": "2026-05-19T14:13:51.174Z", "edited": false, "deleted": false, "read_by": []}}, {"model": "chat.message", "pk": 12, "fields": {"conversation": "0ca7a865-7339-4315-ac56-49a4de1e5ca5", "sender": ["kelvin-uc"], "content": "hello", "attachment": "", "created_at": "2026-05-24T14:51:40.283Z", "edited": false, "deleted": false, "read_by": []}}, {"model": "chat.message", "pk": 13, "fields": {"conversation": "0ca7a865-7339-4315-ac56-49a4de1e5ca5", "sender": ["kelvin-uc"], "content": "hi there", "attachment": "", "created_at": "2026-05-24T14:51:51.628Z", "edited": false, "deleted": false, "read_by": []}}, {"model": "chat.message", "pk": 33, "fields": {"conversation": "eb35adbd-6748-48c9-9dc7-fe363a2050d1", "sender": ["kelvin-uc"], "content": "hello", "attachment": "", "created_at": "2026-05-25T12:59:09.861Z", "edited": false, "deleted": false, "read_by": [["workspace1"]]}}, {"model": "chat.message", "pk": 34, "fields": {"conversation": "7954b86c-5ad8-47ec-99e7-b521dfa259de", "sender": ["workspace1"], "content": "hello", "attachment": "", "created_at": "2026-05-25T12:59:53.121Z", "edited": false, "deleted": false, "read_by": [["Cheryl"]]}}, {"model": "chat.message", "pk": 35, "fields": {"conversation": "eb35adbd-6748-48c9-9dc7-fe363a2050d1", "sender": ["kelvin-uc"], "content": "hi", "attachment": "", "created_at": "2026-05-25T13:00:40.016Z", "edited": false, "deleted": false, "read_by": [["workspace1"]]}}, {"model": "chat.message", "pk": 36, "fields": {"conversation": "eb35adbd-6748-48c9-9dc7-fe363a2050d1", "sender": ["kelvin-uc"], "content": "hello there", "attachment": "", "created_at": "2026-05-25T13:04:26.414Z", "edited": false, "deleted": false, "read_by": [["workspace1"]]}}, {"model": "chat.message", "pk": 37, "fields": {"conversation": "eb35adbd-6748-48c9-9dc7-fe363a2050d1", "sender": ["kelvin-uc"], "content": "hello", "attachment": "", "created_at": "2026-05-25T13:05:20.602Z", "edited": false, "deleted": false, "read_by": [["workspace1"]]}}, {"model": "chat.message", "pk": 38, "fields": {"conversation": "d5152176-8eda-43c7-a642-7d3b8c78671c", "sender": ["kelvin-uc"], "content": "hi", "attachment": "", "created_at": "2026-05-25T13:06:40.969Z", "edited": false, "deleted": false, "read_by": [["Cheryl"]]}}, {"model": "chat.message", "pk": 39, "fields": {"conversation": "7954b86c-5ad8-47ec-99e7-b521dfa259de", "sender": ["Cheryl"], "content": "Hello", "attachment": "", "created_at": "2026-05-25T13:07:32.260Z", "edited": false, "deleted": false, "read_by": [["workspace1"]]}}, {"model": "chat.message", "pk": 40, "fields": {"conversation": "eb35adbd-6748-48c9-9dc7-fe363a2050d1", "sender": ["kelvin-uc"], "content": "hi", "attachment": "", "created_at": "2026-05-25T13:08:02.069Z", "edited": false, "deleted": false, "read_by": [["workspace1"]]}}, {"model": "chat.message", "pk": 41, "fields": {"conversation": "eb35adbd-6748-48c9-9dc7-fe363a2050d1", "sender": ["kelvin-uc"], "content": "helllo", "attachment": "", "created_at": "2026-05-25T13:17:11.891Z", "edited": false, "deleted": false, "read_by": [["workspace1"]]}}, {"model": "chat.message", "pk": 42, "fields": {"conversation": "eb35adbd-6748-48c9-9dc7-fe363a2050d1", "sender": ["kelvin-uc"], "content": "hello", "attachment": "", "created_at": "2026-05-25T13:31:16.099Z", "edited": false, "deleted": false, "read_by": [["workspace1"]]}}, {"model": "chat.message", "pk": 43, "fields": {"conversation": "eb35adbd-6748-48c9-9dc7-fe363a2050d1", "sender": ["workspace1"], "content": "hello", "attachment": "", "created_at": "2026-05-25T13:31:46.749Z", "edited": false, "deleted": false, "read_by": [["kelvin-uc"]]}}, {"model": "chat.message", "pk": 44, "fields": {"conversation": "eb35adbd-6748-48c9-9dc7-fe363a2050d1", "sender": ["workspace1"], "content": "hello", "attachment": "", "created_at": "2026-05-25T13:32:15.539Z", "edited": false, "deleted": false, "read_by": [["kelvin-uc"]]}}]
